Feature Category,Feature,Implementation,Security Benefit
Authentication & Security,JWT Authentication,"24-hour token expiration, Bearer authentication","Stateless authentication, prevents session hijacking"
Authentication & Security,BCrypt Password Hashing,12 rounds encryption for password security,Military-grade password protection
Authentication & Security,Rate Limiting,"100 requests/15min general, 5/15min auth",Prevents brute force and spam attacks
Authentication & Security,Input Validation,Express-validator with sanitization,Prevents injection attacks and XSS
Authentication & Security,Server-side Answer Validation,Answer key never exposed to frontend,IMPOSSIBLE to discover answers via inspect element
Contest Management,Individual Question Submission,"30 individual questions, 0-9999 range",Controlled answer submission process
Contest Management,Configurable Attempt Limits,1-3 attempts per question (configurable),Prevents unlimited attempts and gaming
Contest Management,Score Calculation,Base 10 points + 5 bonus for first attempt,Fair scoring system with anti-cheat measures
Contest Management,Answer Range Validation,Server-side range checking (0-9999),Prevents invalid answer submissions
Contest Management,Submission Audit Trail,Complete submission history with timestamps,Complete accountability and fraud detection
Real-time Features,Live Leaderboard Updates,Instant updates via WebSocket connections,Transparent competition progress
Real-time Features,Socket.IO Integration,Bidirectional real-time communication,Secure real-time data transmission
Real-time Features,Real-time Announcements,Live contest updates and corrections,Immediate contest communication
User Interface,Responsive Design,Mobile-first design with breakpoints,Consistent experience across devices
User Interface,Modern CSS with Gradients,Purple-blue gradient primary colors,Professional appearance builds trust
User Interface,Professional Color Scheme,"Inter font family, modern aesthetics",Academic competition standard aesthetics
User Interface,Interactive Animations,"Hover effects, smooth transitions",Enhanced user engagement and retention
Backend Architecture,Express.js Framework,"Secure middleware, CORS protection",Industry-standard security practices
Backend Architecture,MongoDB Database,"Mongoose ODM, efficient queries",Secure data storage and retrieval
Backend Architecture,RESTful API Design,"Proper status codes, error responses",Consistent error handling and logging
Backend Architecture,Error Handling,Comprehensive try-catch blocks,Graceful failure handling
Deployment & Hosting,Multiple Free Hosting Options,"Render, Vercel, Railway, Fly.io support",Flexible deployment without vendor lock-in
Deployment & Hosting,Docker Containerization,"Multi-stage builds, production optimization","Consistent environments, easy scaling"
Deployment & Hosting,Environment Configuration,"dotenv for development, platform variables",Secure secrets management
